BEG_SCH_YR,DIVISION NAME,DIVISION NUMBER,SCHOOL NAME,SCHOOL NUMBER,LOW GRADE,HIGH GRADE,FOCUS AREA
2018,Accomack County Public Schools,1,Accawmacke Elementary,701,PK,5,Title I - Schoolwide
2018,Accomack County Public Schools,1,Arcadia Middle ,704,6,8,Title I - Schoolwide
2018,Accomack County Public Schools,1,Kegotank Elementary,600,PK,5,Title I - Schoolwide
2018,Accomack County Public Schools,1,Metompkin Elementary,702,PK,5,Title I - Schoolwide
2018,Accomack County Public Schools,1,Nandua Middle,703,6,8,Title I - Schoolwide
2018,Accomack County Public Schools,1,Pungoteague Elementary,590,PK,5,Title I - Schoolwide
2018,Albemarle County Public Schools,2,Agnor-Hurt Elementary,160,PK,5,Title I - Targeted Assistance
2018,Albemarle County Public Schools,2,Mary Carr Greer Elementary,40,PK,5,Title I - Targeted Assistance
2018,Albemarle County Public Schools,2,Paul H. Cale Elementary,150,PK,5,Title I - Targeted Assistance
2018,Albemarle County Public Schools,2,Red Hill Elementary,540,PK,5,Title I - Targeted Assistance
2018,Albemarle County Public Schools,2,Scottsville Elementary,30,PK,5,Title I - Targeted Assistance
2018,Albemarle County Public Schools,2,Woodbrook Elementary,930,PK,5,Title I - Targeted Assistance
2018,Alexandria City Public Schools,101,Cora Kelly Magnet Elementary,160,PK,5,Title I - Schoolwide
2018,Alexandria City Public Schools,101,Ferdinand T. Day Elementary,350,KG,5,Title I - Schoolwide
2018,Alexandria City Public Schools,101,Francis C. Hammond Middle,140,6,8,Title I - Schoolwide
2018,Alexandria City Public Schools,101,James K. Polk Elementary,220,KG,5,Title I - Schoolwide
2018,Alexandria City Public Schools,101,Jefferson-Houston Elementary,90,PK,8,Title I - Schoolwide
2018,Alexandria City Public Schools,101,John Adams Elementary,230,PK,5,Title I - Schoolwide
2018,Alexandria City Public Schools,101,Patrick Henry Elementary,50,KG,7,Title I - Schoolwide
2018,Alexandria City Public Schools,101,William Ramsay Elementary,190,KG,5,Title I - Schoolwide
2018,Alleghany County Public Schools,3,Callaghan Elementary,110,KG,5,Title I - Schoolwide
2018,Alleghany County Public Schools,3,Mountain View Elementary,1041,KG,5,Title I - Schoolwide
2018,Alleghany County Public Schools,3,Sharon Elementary,90,KG,5,Title I - Schoolwide
2018,Amelia County Public Schools,4,Amelia County Elementary,220,PK,4,Title I - Schoolwide
2018,Amherst County Public Schools,5,Amelon Elementary,780,PK,5,Title I - Schoolwide
2018,Amherst County Public Schools,5,Amherst Elementary,790,PK,5,Title I - Schoolwide
2018,Amherst County Public Schools,5,Central Elementary,770,PK,5,Title I - Schoolwide
2018,Amherst County Public Schools,5,Madison Heights Elementary,500,PK,5,Title I - Schoolwide
2018,Amherst County Public Schools,5,Temperance Elementary,740,PK,5,Title I - Schoolwide
2018,Appomattox County Public Schools,6,Appomattox Elementary,110,3,5,Title I - Schoolwide
2018,Appomattox County Public Schools,6,Appomattox Primary,250,PK,2,Title I - Schoolwide
2018,Arlington County Public Schools,7,Abingdon Elementary,350,PK,5,Title I - Schoolwide
2018,Arlington County Public Schools,7,Barcroft Elementary,150,PK,5,Title I - Schoolwide
2018,Arlington County Public Schools,7,Barrett Elementary,250,PK,5,Title I - Schoolwide
2018,Arlington County Public Schools,7,Campbell Elementary,615,PK,5,Title I - Schoolwide
2018,Arlington County Public Schools,7,Carlin Springs Elementary,90,PK,5,Title I - Schoolwide
2018,Arlington County Public Schools,7,Drew Model Elementary,200,PK,5,Title I - Schoolwide
2018,Arlington County Public Schools,7,Hoffman-Boston Elementary,614,PK,5,Title I - Schoolwide
2018,Arlington County Public Schools,7,Randolph Elementary,510,PK,5,Title I - Schoolwide
2018,Augusta County Public Schools,8,Cassell Elementary,30,PK,5,Title I - Schoolwide
2018,Augusta County Public Schools,8,Churchville Elementary,140,PK,5,Title I - Schoolwide
2018,Augusta County Public Schools,8,Craigsville Elementary,370,PK,5,Title I - Schoolwide
2018,Augusta County Public Schools,8,Edward G. Clymore Elementary,842,PK,5,Title I - Schoolwide
2018,Augusta County Public Schools,8,Guy K. Stump Elementary,843,PK,5,Title I - Schoolwide
2018,Augusta County Public Schools,8,North River Elementary,40,PK,5,Title I - Schoolwide
2018,Augusta County Public Schools,8,Riverheads Elementary,740,PK,5,Title I - Schoolwide
2018,Augusta County Public Schools,8,Stuarts Draft Elementary,440,PK,5,Title I - Schoolwide
2018,Augusta County Public Schools,8,Wilson Elementary,640,PK,5,Title I - Schoolwide
2018,Bath County Public Schools,9,Millboro Elementary,120,PK,7,Title I - Targeted Assistance
2018,Bath County Public Schools,9,Valley Elementary,150,PK,7,Title I - Targeted Assistance
2018,Bedford County Public Schools,10,Bedford Elementary,480,2,5,Title I - Schoolwide
2018,Bedford County Public Schools,10,Bedford Primary,1200,PK,1,Title I - Schoolwide
2018,Bedford County Public Schools,10,Big Island Elementary,30,PK,5,Title I - Schoolwide
2018,Bedford County Public Schools,10,Goodview Elementary,1214,PK,5,Title I - Schoolwide
2018,Bedford County Public Schools,10,Huddleston Elementary,980,PK,5,Title I - Schoolwide
2018,Bedford County Public Schools,10,Moneta Elementary,970,PK,5,Title I - Schoolwide
2018,Bedford County Public Schools,10,Montvale Elementary,180,PK,5,Title I - Schoolwide
2018,Bedford County Public Schools,10,Stewartsville Elementary,640,PK,5,Title I - Schoolwide
2018,Bland County Public Schools,11,Bland County Elementary ,250,PK,6,Title I - Schoolwide
2018,Botetourt County Public Schools,12,Breckinridge Elementary,220,PK,5,Title I - Targeted Assistance
2018,Botetourt County Public Schools,12,Buchanan Elementary,20,PK,5,Title I - Targeted Assistance
2018,Botetourt County Public Schools,12,Eagle Rock Elementary,30,PK,5,Title I - Targeted Assistance
2018,Botetourt County Public Schools,12,Greenfield Elementary,460,PK,5,Title I - Targeted Assistance
2018,Botetourt County Public Schools,12,Troutville Elementary,40,PK,5,Title I - Targeted Assistance
2018,Bristol City Public Schools,102,Highland View Elementary,60,PK,5,Title I - Schoolwide
2018,Bristol City Public Schools,102,Joseph Van Pelt Elementary,100,PK,5,Title I - Schoolwide
2018,Bristol City Public Schools,102,Stonewall Jackson Elementary,70,PK,5,Title I - Schoolwide
2018,Bristol City Public Schools,102,Washington-Lee Elementary,90,PK,5,Title I - Schoolwide
2018,Brunswick County Public Schools,13,James S. Russell Middle,660,6,8,Title I - Schoolwide
2018,Brunswick County Public Schools,13,Meherrin Powellton Elementary,690,PK,5,Title I - Schoolwide
2018,Brunswick County Public Schools,13,Red Oak-Sturgeon Elementary,700,PK,5,Title I - Schoolwide
2018,Brunswick County Public Schools,13,Totaro Elementary,720,PK,5,Title I - Schoolwide
2018,Buchanan County Public Schools,14,Council Elementary/Middle School,90,PK,7,Title I - Schoolwide
2018,Buchanan County Public Schools,14,Hurley Elementary/Middle,120,PK,7,Title I - Schoolwide
2018,Buchanan County Public Schools,14,Riverview Elementary/Middle,1040,PK,8,Title I - Schoolwide
2018,Buchanan County Public Schools,14,Twin Valley Elementary/Middle,1041,PK,7,Title I - Schoolwide
2018,Buckingham County Public Schools,15,Buckingham Co Elementary,724,3,5,Title I - Schoolwide
2018,Buckingham County Public Schools,15,Buckingham Co Primary,723,KG,2,Title I - Schoolwide
2018,Buena Vista City Public Schools,103,Enderly Heights Elementary,40,3,5,Title I - Schoolwide
2018,Buena Vista City Public Schools,103,F.W. Kling Jr. Elementary,70,PK,2,Title I - Schoolwide
2018,Campbell County Public Schools,16,Altavista Elementary,560,PK,5,Title I - Schoolwide
2018,Campbell County Public Schools,16,Brookneal Elementary,650,PK,5,Title I - Schoolwide
2018,Campbell County Public Schools,16,Concord Elementary,130,PK,5,Title I - Schoolwide
2018,Campbell County Public Schools,16,Leesville Road Elementary,690,PK,5,Title I - Schoolwide
2018,Campbell County Public Schools,16,Rustburg Elementary,821,PK,5,Title I - Schoolwide
2018,Campbell County Public Schools,16,Tomahawk Elementary,60,PK,5,Title I - Schoolwide
2018,Campbell County Public Schools,16,Yellow Branch Elementary,710,PK,5,Title I - Schoolwide
2018,Caroline County Public Schools,17,Bowling Green Elementary,620,PK,5,Title I - Schoolwide
2018,Caroline County Public Schools,17,Madison Elementary,630,PK,5,Title I - Targeted Assistance
2018,Carroll County Public Schools,18,Fancy Gap Elementary,1180,PK,5,Title I - Schoolwide
2018,Carroll County Public Schools,18,Gladesboro Elementary,1150,PK,5,Title I - Schoolwide
2018,Carroll County Public Schools,18,Gladeville Elementary,1210,PK,5,Title I - Schoolwide
2018,Carroll County Public Schools,18,Hillsville Elementary,1170,PK,5,Title I - Schoolwide
2018,Carroll County Public Schools,18,Laurel Elementary,1160,PK,5,Title I - Schoolwide
2018,Carroll County Public Schools,18,Oakland Elementary,1130,PK,5,Title I - Schoolwide
2018,Carroll County Public Schools,18,St. Paul,1110,PK,7,Title I - Schoolwide
2018,Charles City County Public Schools,19,Charles City County Elementary,80,PK,6,Title I - Targeted Assistance
2018,Charles City County Public Schools,19,Charles City County High,100,7,12,Title I - Targeted Assistance
2018,Charlotte County Public Schools,20,Bacon District Elementary,470,PK,5,Title I - Schoolwide
2018,Charlotte County Public Schools,20,Eureka Elementary,100,PK,5,Title I - Schoolwide
2018,Charlotte County Public Schools,20,Phenix Elementary,450,PK,5,Title I - Schoolwide
2018,Charlottesville City Public Schools,104,Burnley-Moran Elementary,70,PK,4,Title I - Schoolwide
2018,Charlottesville City Public Schools,104,Clark Elementary,50,PK,4,Title I - Schoolwide
2018,Charlottesville City Public Schools,104,Greenbrier Elementary,90,PK,4,Title I - Schoolwide
2018,Charlottesville City Public Schools,104,Jackson-Via Elementary,120,PK,4,Title I - Schoolwide
2018,Charlottesville City Public Schools,104,Johnson Elementary,10,PK,4,Title I - Schoolwide
2018,Chesapeake City Public Schools,136,B.M. Williams Primary,630,PK,2,Title I - Schoolwide
2018,Chesapeake City Public Schools,136,Camelot Elementary,90,PK,5,Title I - Schoolwide
2018,Chesapeake City Public Schools,136,Crestwood Intermediate,700,3,5,Title I - Schoolwide
2018,Chesapeake City Public Schools,136,G.A. Treakle Elementary,720,PK,5,Title I - Schoolwide
2018,Chesapeake City Public Schools,136,George W. Carver Intermediate,50,3,5,Title I - Schoolwide
2018,Chesapeake City Public Schools,136,Georgetown Primary,820,PK,3,Title I - Schoolwide
2018,Chesapeake City Public Schools,136,Norfolk Highlands Primary,160,PK,3,Title I - Schoolwide
2018,Chesapeake City Public Schools,136,Oscar Smith Middle,10,6,8,Title I - Schoolwide
2018,Chesapeake City Public Schools,136,Portlock Primary,730,PK,2,Title I - Schoolwide
2018,Chesapeake City Public Schools,136,Rena B. Wright Primary,200,PK,2,Title I - Schoolwide
2018,Chesapeake City Public Schools,136,Southwestern Elementary,600,PK,5,Title I - Schoolwide
2018,Chesapeake City Public Schools,136,Sparrow Road Intermediate,750,4,5,Title I - Schoolwide
2018,Chesapeake City Public Schools,136,Thurgood Marshall Elementary,40,PK,5,Title I - Schoolwide
2018,Chesapeake City Public Schools,136,Truitt Intermediate,971,3,5,Title I - Schoolwide
2018,Chesterfield County Public Schools,21,A.M. Davis Elementary,620,PK,5,Title I - Schoolwide
2018,Chesterfield County Public Schools,21,Bellwood Elementary,660,PK,5,Title I - Schoolwide
2018,Chesterfield County Public Schools,21,Bensley Elementary,430,PK,5,Title I - Schoolwide
2018,Chesterfield County Public Schools,21,Beulah Elementary,130,PK,5,Title I - Schoolwide
2018,Chesterfield County Public Schools,21,C.E. Curtis Elementary,492,PK,5,Title I - Targeted Assistance
2018,Chesterfield County Public Schools,21,Crestwood Elementary,560,PK,5,Title I - Schoolwide
2018,Chesterfield County Public Schools,21,Ecoff Elementary,480,PK,5,Title I - Schoolwide
2018,Chesterfield County Public Schools,21,Elizabeth Scott Elementary,850,PK,5,Title I - Schoolwide
2018,Chesterfield County Public Schools,21,Ettrick Elementary,350,PK,5,Title I - Schoolwide
2018,Chesterfield County Public Schools,21,Falling Creek Elementary,590,PK,5,Title I - Schoolwide
2018,Chesterfield County Public Schools,21,Falling Creek Middle,670,6,8,Title I - Schoolwide
2018,Chesterfield County Public Schools,21,Harrowgate Elementary,460,PK,5,Title I - Schoolwide
2018,Chesterfield County Public Schools,21,Hopkins Road Elementary,60,PK,5,Title I - Schoolwide
2018,Chesterfield County Public Schools,21,J.A. Chalkley Elementary,550,PK,5,Title I - Schoolwide
2018,Chesterfield County Public Schools,21,J.G. Hening Elementary,500,PK,5,Title I - Schoolwide
2018,Chesterfield County Public Schools,21,Jacobs Road Elementary,400,PK,5,Title I - Schoolwide
2018,Chesterfield County Public Schools,21,Marguerite F. Christian Elementary,780,PK,5,Title I - Schoolwide
2018,Chesterfield County Public Schools,21,Matoaca Elementary,370,PK,5,Title I - Schoolwide
2018,Chesterfield County Public Schools,21,Providence Elementary,380,PK,5,Title I - Schoolwide
2018,Chesterfield County Public Schools,21,Reams Road Elementary,700,PK,5,Title I - Schoolwide
2018,Chesterfield County Public Schools,21,Salem Church Elementary,720,PK,5,Title I - Schoolwide
2018,Chesterfield County Public Schools,21,Thelma Crenshaw Elementary,410,PK,5,Title I - Schoolwide
2018,Clarke County Public Schools,22,Boyce Elementary,250,KG,5,Title I - Targeted Assistance
2018,Clarke County Public Schools,22,D.G. Cooley Elementary,290,PK,5,Title I - Targeted Assistance
2018,Colonial Beach Public Schools,202,Colonial Beach Elementary,22,PK,7,Title I - Targeted Assistance
2018,Colonial Heights City Public Schools,106,Colonial Heights Middle,20,6,8,Title I - Targeted Assistance
2018,Colonial Heights City Public Schools,106,Lakeview Elementary,50,PK,5,Title I - Targeted Assistance
2018,Colonial Heights City Public Schools,106,North Elementary,30,PK,5,Title I - Targeted Assistance
2018,Colonial Heights City Public Schools,106,Tussing Elementary,60,PK,5,Title I - Targeted Assistance
2018,Covington City Public Schools,107,Edgemont Primary,260,PK,3,Title I - Targeted Assistance
2018,Craig County Public Schools,23,McCleary Elementary,10,PK,5,Title I - Schoolwide
2018,Culpeper County Public Schools,24,Farmington Elementary,470,PK,5,Title I - Schoolwide
2018,Culpeper County Public Schools,24,Pearl Sample Elementary,10,PK,5,Title I - Schoolwide
2018,Culpeper County Public Schools,24,Sycamore Park Elementary,460,PK,5,Title I - Schoolwide
2018,Cumberland County Public Schools,25,Cumberland Elementary,140,PK,4,Title I - Schoolwide
2018,Danville City Public Schools,108,Edwin A. Gibson Elementary,490,KG,5,Title I - Schoolwide
2018,Danville City Public Schools,108,Forest Hills Elementary,20,KG,5,Title I - Schoolwide
2018,Danville City Public Schools,108,G.L.H. Johnson Elementary,190,KG,3,Title I - Schoolwide
2018,Danville City Public Schools,108,Park Avenue Elementary,250,KG,5,Title I - Schoolwide
2018,Danville City Public Schools,108,Schoolfield Elementary,40,KG,5,Title I - Schoolwide
2018,Danville City Public Schools,108,Woodberry Hills Elementary,220,KG,3,Title I - Schoolwide
2018,Danville City Public Schools,108,Woodrow Wilson Intermediate,1379,4,5,Title I - Schoolwide
2018,Dickenson County Public Schools,26,Clintwood Elementary,20,PK,5,Title I - Schoolwide
2018,Dickenson County Public Schools,26,Ervinton Elementary,530,PK,5,Title I - Schoolwide
2018,Dickenson County Public Schools,26,Sandlick Elementary,860,PK,5,Title I - Schoolwide
2018,Dinwiddie County Public Schools,27,Dinwiddie Elementary,310,KG,5,Title I - Schoolwide
2018,Dinwiddie County Public Schools,27,Southside Elementary,10,KG,5,Title I - Schoolwide
2018,Dinwiddie County Public Schools,27,Sunnyside Elementary,180,KG,5,Title I - Schoolwide
2018,Dinwiddie County Public Schools,27,Sutherland Elementary,520,KG,5,Title I - Schoolwide
2018,Essex County Public Schools,28,Essex Intermediate,150,4,7,Title I - Schoolwide
2018,Essex County Public Schools,28,Tappahannock Elementary,160,PK,3,Title I - Schoolwide
2018,Fairfax County Public Schools,29,Annandale Terrace Elementary,1360,PK,5,Title I - Schoolwide
2018,Fairfax County Public Schools,29,Bailey's Elementary School for the Arts and Sciences,550,PK,2,Title I - Schoolwide
2018,Fairfax County Public Schools,29,Bailey's Upper Elementary School for the Arts and Sciences,2459,3,5,Title I - Schoolwide
2018,Fairfax County Public Schools,29,Beech Tree Elementary,1730,PK,5,Title I - Schoolwide
2018,Fairfax County Public Schools,29,Belvedere Elementary,720,PK,5,Title I - Schoolwide
2018,Fairfax County Public Schools,29,Braddock Elementary,1090,PK,5,Title I - Schoolwide
2018,Fairfax County Public Schools,29,Bren Mar Park Elementary,940,PK,5,Title I - Schoolwide
2018,Fairfax County Public Schools,29,Brookfield Elementary,1790,PK,6,Title I - Schoolwide
2018,Fairfax County Public Schools,29,Bucknell Elementary,700,PK,6,Title I - Schoolwide
2018,Fairfax County Public Schools,29,Cameron Elementary,620,PK,6,Title I - Schoolwide
2018,Fairfax County Public Schools,29,Centre Ridge Elementary,2090,PK,6,Title I - Schoolwide
2018,Fairfax County Public Schools,29,Clearview Elementary,260,PK,6,Title I - Schoolwide
2018,Fairfax County Public Schools,29,Crestwood Elementary,870,PK,6,Title I - Schoolwide
2018,Fairfax County Public Schools,29,Daniels Run Elementary,2229,PK,6,Title I - Schoolwide
2018,Fairfax County Public Schools,29,Dogwood Elementary,220,PK,6,Title I - Schoolwide
2018,Fairfax County Public Schools,29,Forest Edge Elementary,70,PK,6,Title I - Schoolwide
2018,Fairfax County Public Schools,29,Forestdale Elementary,1450,PK,6,Title I - Schoolwide
2018,Fairfax County Public Schools,29,Garfield Elementary,630,PK,6,Title I - Schoolwide
2018,Fairfax County Public Schools,29,Glen Forest Elementary,970,PK,5,Title I - Schoolwide
2018,Fairfax County Public Schools,29,Graham Road Elementary,530,PK,6,Title I - Schoolwide
2018,Fairfax County Public Schools,29,Groveton Elementary,330,PK,6,Title I - Schoolwide
2018,Fairfax County Public Schools,29,Herndon Elementary,1250,PK,6,Title I - Schoolwide
2018,Fairfax County Public Schools,29,Hollin Meadows Elementary,1330,PK,6,Title I - Schoolwide
2018,Fairfax County Public Schools,29,Hutchison Elementary,1980,PK,6,Title I - Schoolwide
2018,Fairfax County Public Schools,29,Hybla Valley Elementary,1420,PK,6,Title I - Schoolwide
2018,Fairfax County Public Schools,29,Lake Anne Elementary,1570,PK,6,Title I - Schoolwide
2018,Fairfax County Public Schools,29,London Towne Elementary,1830,PK,6,Title I - Schoolwide
2018,Fairfax County Public Schools,29,Lorton Station Elementary,2236,PK,6,Title I - Schoolwide
2018,Fairfax County Public Schools,29,Lynbrook Elementary,890,PK,6,Title I - Schoolwide
2018,Fairfax County Public Schools,29,Mason Crest Elementary,2410,PK,5,Title I - Schoolwide
2018,Fairfax County Public Schools,29,Mount Eagle Elementary,510,PK,6,Title I - Schoolwide
2018,Fairfax County Public Schools,29,Mount Vernon Woods Elementary,1640,PK,6,Title I - Schoolwide
2018,Fairfax County Public Schools,29,Parklawn Elementary,1030,PK,5,Title I - Schoolwide
2018,Fairfax County Public Schools,29,Pine Spring Elementary,820,PK,6,Title I - Schoolwide
2018,Fairfax County Public Schools,29,Providence Elementary,2230,PK,6,Title I - Schoolwide
2018,Fairfax County Public Schools,29,Riverside Elementary,1820,PK,6,Title I - Schoolwide
2018,Fairfax County Public Schools,29,Rose Hill Elementary,950,PK,6,Title I - Schoolwide
2018,Fairfax County Public Schools,29,Sleepy Hollow Elementary,710,PK,5,Title I - Schoolwide
2018,Fairfax County Public Schools,29,Springfield Estates Elementary,960,PK,6,Title I - Schoolwide
2018,Fairfax County Public Schools,29,Timber Lane Elementary,830,PK,6,Title I - Schoolwide
2018,Fairfax County Public Schools,29,Washington Mill Elementary,1320,PK,6,Title I - Schoolwide
2018,Fairfax County Public Schools,29,Westlawn Elementary,580,PK,6,Title I - Schoolwide
2018,Fairfax County Public Schools,29,Weyanoke Elementary,520,PK,5,Title I - Schoolwide
2018,Fairfax County Public Schools,29,Woodburn Elementary,650,PK,6,Title I - Schoolwide
2018,Fairfax County Public Schools,29,Woodlawn Elementary,380,PK,6,Title I - Schoolwide
2018,Fairfax County Public Schools,29,Woodley Hills Elementary,590,PK,6,Title I - Schoolwide
2018,Falls Church City Public Schools,109,Thomas Jefferson Elementary,260,2,5,Title I - Targeted Assistance
2018,Fauquier County Public Schools,30,Claude Thompson Elementary,120,PK,5,Title I - Targeted Assistance
2018,Fauquier County Public Schools,30,Grace Miller Elementary,450,PK,5,Title I - Targeted Assistance
2018,Fauquier County Public Schools,30,H.M. Pearson Elementary,750,PK,5,Title I - Targeted Assistance
2018,Fauquier County Public Schools,30,Margaret M. Pierce Elementary,530,PK,5,Title I - Targeted Assistance
2018,Fauquier County Public Schools,30,Mary Walter Elementary,20,PK,5,Title I - Schoolwide
2018,Floyd County Public Schools,31,Check Elementary,90,PK,7,Title I - Schoolwide
2018,Floyd County Public Schools,31,Floyd Elementary,360,PK,7,Title I - Schoolwide
2018,Floyd County Public Schools,31,Indian Valley Elementary,650,KG,7,Title I - Schoolwide
2018,Floyd County Public Schools,31,Willis Elementary,500,PK,7,Title I - Schoolwide
2018,Fluvanna County Public Schools,32,Carysbrook Elementary,300,3,4,Title I - Schoolwide
2018,Fluvanna County Public Schools,32,Central Elementary,310,1,2,Title I - Schoolwide
2018,Fluvanna County Public Schools,32,West Central Primary School,330,PK,KG,Title I - Schoolwide
2018,Franklin City Public Schools,135,Joseph P. King Jr. Middle,561,6,8,Title I - Schoolwide
2018,Franklin City Public Schools,135,S.P. Morton Elementary,10,PK,5,Title I - Schoolwide
2018,Franklin County Public Schools,33,Callaway Elementary,350,PK,5,Title I - Schoolwide
2018,Franklin County Public Schools,33,Ferrum Elementary,1360,PK,5,Title I - Schoolwide
2018,Franklin County Public Schools,33,Glade Hill Elementary,690,PK,5,Title I - Schoolwide
2018,Franklin County Public Schools,33,Henry Elementary,10,PK,5,Title I - Schoolwide
2018,Franklin County Public Schools,33,Lee M. Waid Elementary,660,PK,5,Title I - Schoolwide
2018,Franklin County Public Schools,33,Rocky Mount Elementary,1380,PK,5,Title I - Schoolwide
2018,Franklin County Public Schools,33,Snow Creek Elementary,1170,PK,5,Title I - Schoolwide
2018,Franklin County Public Schools,33,Sontag Elementary,960,PK,5,Title I - Schoolwide
2018,Frederick County Public Schools,34,Apple Pie Ridge Elementary,10,KG,5,Title I - Schoolwide
2018,Frederick County Public Schools,34,Bass-Hoover Elementary,20,KG,5,Title I - Targeted Assistance
2018,Frederick County Public Schools,34,Evendale Elementary,587,KG,5,Title I - Schoolwide
2018,Frederick County Public Schools,34,Gainesboro Elementary,380,KG,5,Title I - Schoolwide
2018,Frederick County Public Schools,34,Indian Hollow Elementary,40,KG,5,Title I - Schoolwide
2018,Frederick County Public Schools,34,Middletown Elementary,340,KG,5,Title I - Schoolwide
2018,Frederick County Public Schools,34,Orchard View Elementary,583,KG,5,Title I - Schoolwide
2018,Frederick County Public Schools,34,Redbud Run Elementary,582,KG,5,Title I - Schoolwide
2018,Frederick County Public Schools,34,Stonewall Elementary,410,KG,5,Title I - Schoolwide
2018,Fredericksburg City Public Schools,110,Hugh Mercer Elementary,50,KG,2,Title I - Schoolwide
2018,Fredericksburg City Public Schools,110,Lafayette Upper Elementary,272,3,5,Title I - Schoolwide
2018,Fredericksburg City Public Schools,110,Walker-Grant Middle,273,6,8,Title I - Schoolwide
2018,Galax City Public Schools,111,Galax Elementary,10,KG,4,Title I - Schoolwide
2018,Giles County Public Schools,35,Eastern Elementary/Middle ,10,PK,7,Title I - Targeted Assistance
2018,Giles County Public Schools,35,Macy Mcclaugherty Elementary/Middle,390,PK,7,Title I - Targeted Assistance
2018,Giles County Public Schools,35,Narrows Elementary/Middle ,400,PK,7,Title I - Targeted Assistance
2018,Gloucester County Public Schools,36,Abingdon Elementary,250,PK,5,Title I - Targeted Assistance
2018,Gloucester County Public Schools,36,Achilles Elementary,240,PK,5,Title I - Targeted Assistance
2018,Gloucester County Public Schools,36,Bethel Elementary,381,PK,5,Title I - Targeted Assistance
2018,Gloucester County Public Schools,36,Botetourt Elementary,100,PK,5,Title I - Targeted Assistance
2018,Gloucester County Public Schools,36,Petsworth Elementary,270,PK,5,Title I - Targeted Assistance
2018,Goochland County Public Schools,37,Byrd Elementary,120,PK,5,Title I - Targeted Assistance
2018,Grayson County Public Schools,38,Fairview Elementary,480,KG,5,Title I - Schoolwide
2018,Grayson County Public Schools,38,Fries Elementary,911,PK,7,Title I - Schoolwide
2018,Grayson County Public Schools,38,Grayson Highlands,430,PK,7,Title I - Schoolwide
2018,Grayson County Public Schools,38,Independence Elementary,422,KG,5,Title I - Schoolwide
2018,Greene County Public Schools,39,Nathanael Greene Elementary,20,3,5,Title I - Schoolwide
2018,Greene County Public Schools,39,Nathanael Greene Primary School,10,PK,2,Title I - Schoolwide
2018,Greensville County Public Schools,40,Greensville Elementary,50,PK,5,Title I - Schoolwide
2018,Halifax County Public Schools,41,Clays Mill Elementary,1560,KG,5,Title I - Schoolwide
2018,Halifax County Public Schools,41,Cluster Springs Elementary,20,KG,5,Title I - Schoolwide
2018,Halifax County Public Schools,41,Meadville Elementary,1550,KG,5,Title I - Schoolwide
2018,Halifax County Public Schools,41,Scottsburg Elementary,1510,KG,5,Title I - Schoolwide
2018,Halifax County Public Schools,41,Sinai Elementary,1521,KG,5,Title I - Schoolwide
2018,Halifax County Public Schools,41,South Boston Elementary,30,KG,5,Title I - Schoolwide
2018,Halifax County Public Schools,41,Sydnor Jennings Elementary,1490,KG,5,Title I - Schoolwide
2018,Hampton City Public Schools,112,A.W.E. Bassette Elementary,500,PK,5,Title I - Schoolwide
2018,Hampton City Public Schools,112,Aberdeen Elementary,160,PK,5,Title I - Schoolwide
2018,Hampton City Public Schools,112,Alfred S. Forrest Elementary,260,KG,5,Title I - Schoolwide
2018,Hampton City Public Schools,112,Benjamin Syms Middle,350,6,8,Title I - Schoolwide
2018,Hampton City Public Schools,112,Booker Elementary,470,KG,5,Title I - Schoolwide
2018,Hampton City Public Schools,112,C. Alton Lindsay Middle,450,6,8,Title I - Schoolwide
2018,Hampton City Public Schools,112,Captain John Smith Elementary,460,PK,5,Title I - Schoolwide
2018,Hampton City Public Schools,112,Cesar Tarrant Middle,300,6,8,Title I - Schoolwide
2018,Hampton City Public Schools,112,Hunter B. Andrews,640,PK,8,Title I - Schoolwide
2018,Hampton City Public Schools,112,Jane H. Bryan Elementary,250,PK,5,Title I - Schoolwide
2018,Hampton City Public Schools,112,John B. Cary Elementary,270,PK,5,Title I - Schoolwide
2018,Hampton City Public Schools,112,John Tyler Elementary,440,PK,5,Title I - Schoolwide
2018,Hampton City Public Schools,112,Luther W. Machen Elementary ,490,PK,5,Title I - Schoolwide
2018,Hanover County Public Schools,42,Elmont Elementary,430,PK,5,Title I - Schoolwide
2018,Hanover County Public Schools,42,Mechanicsville Elementary,420,PK,5,Title I - Schoolwide
2018,Harrisonburg City Public Schools,113,Bluestone Elementary,120,KG,5,Title I - Schoolwide
2018,Harrisonburg City Public Schools,113,Keister Elementary,50,KG,5,Title I - Schoolwide
2018,Harrisonburg City Public Schools,113,Smithland Elementary,110,KG,5,Title I - Schoolwide
2018,Harrisonburg City Public Schools,113,Spotswood Elementary,60,KG,5,Title I - Schoolwide
2018,Harrisonburg City Public Schools,113,Stone Spring Elementary,191,KG,5,Title I - Schoolwide
2018,Harrisonburg City Public Schools,113,Waterman Elementary,30,KG,5,Title I - Schoolwide
2018,Henrico County Public Schools,43,Arthur Ashe Jr. Elementary ,320,PK,5,Title I - Schoolwide
2018,Henrico County Public Schools,43,Cashell Donahoe Elementary,120,PK,5,Title I - Schoolwide
2018,Henrico County Public Schools,43,Chamberlayne Elementary,590,PK,5,Title I - Schoolwide
2018,Henrico County Public Schools,43,Charles M. Johnson Elementary,530,PK,5,Title I - Schoolwide
2018,Henrico County Public Schools,43,Dumbarton Elementary,700,PK,5,Title I - Schoolwide
2018,Henrico County Public Schools,43,Elizabeth Holladay Elementary,680,PK,5,Title I - Schoolwide
2018,Henrico County Public Schools,43,Fair Oaks Elementary,200,PK,5,Title I - Schoolwide
2018,Henrico County Public Schools,43,George F. Baker Elementary,470,PK,5,Title I - Schoolwide
2018,Henrico County Public Schools,43,Glen Lea Elementary,380,PK,5,Title I - Schoolwide
2018,Henrico County Public Schools,43,Harold Macon Ratcliffe Elementary,420,PK,5,Title I - Schoolwide
2018,Henrico County Public Schools,43,Harvie Elementary,94,KG,5,Title I - Schoolwide
2018,Henrico County Public Schools,43,Henry D. Ward Elementary,330,PK,5,Title I - Schoolwide
2018,Henrico County Public Schools,43,Highland Springs Elementary,640,PK,5,Title I - Schoolwide
2018,Henrico County Public Schools,43,Jacob L. Adams Elementary,660,PK,5,Title I - Schoolwide
2018,Henrico County Public Schools,43,L. Douglas Wilder Middle,250,6,8,Title I - Schoolwide
2018,Henrico County Public Schools,43,Laburnum Elementary,430,PK,5,Title I - Schoolwide
2018,Henrico County Public Schools,43,Lakeside Elementary,370,PK,5,Title I - Schoolwide
2018,Henrico County Public Schools,43,Longdale Elementary,50,PK,5,Title I - Schoolwide
2018,Henrico County Public Schools,43,Montrose Elementary,210,PK,5,Title I - Schoolwide
2018,Henrico County Public Schools,43,Ridge Elementary,90,PK,5,Title I - Schoolwide
2018,Henrico County Public Schools,43,Sandston Elementary,220,PK,5,Title I - Schoolwide
2018,Henry County Public Schools,44,Axton Elementary,361,PK,5,Title I - Schoolwide
2018,Henry County Public Schools,44,Campbell Court Elementary,590,PK,5,Title I - Schoolwide
2018,Henry County Public Schools,44,Drewry Mason Elementary,530,PK,5,Title I - Schoolwide
2018,Henry County Public Schools,44,G.W. Carver Elementary ,480,PK,5,Title I - Schoolwide
2018,Henry County Public Schools,44,Meadow View Elementary,661,PK,5,Title I - Schoolwide
2018,Henry County Public Schools,44,Mount Olivet Elementary ,872,PK,5,Title I - Schoolwide
2018,Henry County Public Schools,44,Rich Acres Elementary,740,PK,5,Title I - Schoolwide
2018,Henry County Public Schools,44,Sanville Elementary,220,PK,5,Title I - Schoolwide
2018,Henry County Public Schools,44,Stanleytown Elementary,760,PK,5,Title I - Schoolwide
2018,Highland County Public Schools,45,Highland Elementary,110,PK,5,Title I - Targeted Assistance
2018,Highland County Public Schools,45,Highland High,220,6,12,Title I - Targeted Assistance
2018,Hopewell City Public Schools,114,Carter G. Woodson Middle,110,6,8,Title I - Schoolwide
2018,Hopewell City Public Schools,114,Dupont Elementary,40,KG,5,Title I - Schoolwide
2018,Hopewell City Public Schools,114,Harry E. James Elementary,140,KG,5,Title I - Schoolwide
2018,Hopewell City Public Schools,114,Patrick Copeland Elementary,70,KG,5,Title I - Schoolwide
2018,Isle of Wight County Public Schools,46,Carrsville Elementary,280,PK,5,Title I - Schoolwide
2018,Isle of Wight County Public Schools,46,Hardy Elementary,320,PK,4,Title I - Schoolwide
2018,Isle of Wight County Public Schools,46,Windsor Elementary,240,PK,5,Title I - Schoolwide
2018,King George County Public Schools,48,King George Elementary,100,KG,6,Title I - Targeted Assistance
2018,King George County Public Schools,48,Potomac Elementary,50,KG,6,Title I - Targeted Assistance
2018,King George County Public Schools,48,Sealston Elementary ,221,KG,6,Title I - Targeted Assistance
2018,King William County Public Schools,50,Cool Spring Primary,190,PK,2,Title I - Schoolwide
2018,King and Queen County Public Schools,49,King & Queen Elementary,200,PK,7,Title I - Targeted Assistance
2018,King and Queen County Public Schools,49,Lawson-Marriott Elementary,290,PK,7,Title I - Targeted Assistance
2018,Lancaster County Public Schools,51,Lancaster Primary,210,PK,3,Title I - Schoolwide
2018,Lee County Public Schools,52,Dryden Elementary,160,PK,4,Title I - Schoolwide
2018,Lee County Public Schools,52,Elk Knob Elementary,330,PK,4,Title I - Schoolwide
2018,Lee County Public Schools,52,Elydale Middle,820,5,7,Title I - Schoolwide
2018,Lee County Public Schools,52,Flatwoods Elementary,630,PK,4,Title I - Schoolwide
2018,Lee County Public Schools,52,Jonesville Middle,470,5,7,Title I - Schoolwide
2018,Lee County Public Schools,52,Pennington Middle,290,5,7,Title I - Schoolwide
2018,Lee County Public Schools,52,Rose Hill Elementary,670,PK,4,Title I - Schoolwide
2018,Lee County Public Schools,52,St. Charles Elementary,200,PK,4,Title I - Schoolwide
2018,Lexington City Public Schools,137,Harrington Waddell Elementary,1390,KG,5,Title I - Targeted Assistance
2018,Loudoun County Public Schools,53,Forest Grove Elementary,970,PK,5,Title I - Schoolwide
2018,Loudoun County Public Schools,53,Guilford Elementary,720,PK,5,Title I - Schoolwide
2018,Loudoun County Public Schools,53,Park View High,60,9,12,Title I - Schoolwide
2018,Loudoun County Public Schools,53,Rolling Ridge Elementary,40,PK,5,Title I - Schoolwide
2018,Loudoun County Public Schools,53,Sterling Elementary,690,PK,5,Title I - Schoolwide
2018,Loudoun County Public Schools,53,Sterling Middle,760,6,8,Title I - Schoolwide
2018,Loudoun County Public Schools,53,Sugarland Elementary,10,PK,5,Title I - Schoolwide
2018,Loudoun County Public Schools,53,Sully Elementary,750,PK,5,Title I - Schoolwide
2018,Louisa County Public Schools,54,Jouett Elementary,660,PK,5,Title I - Schoolwide
2018,Louisa County Public Schools,54,Moss-Nuckols Elementary,80,PK,5,Title I - Schoolwide
2018,Louisa County Public Schools,54,Thomas Jefferson Elementary,610,PK,5,Title I - Schoolwide
2018,Louisa County Public Schools,54,Trevilians Elementary,641,PK,5,Title I - Schoolwide
2018,Lunenburg County Public Schools,55,Kenbridge Elementary,240,PK,5,Title I - Schoolwide
2018,Lunenburg County Public Schools,55,Victoria Elementary,140,KG,5,Title I - Schoolwide
2018,Lynchburg City Public Schools,115,Bedford Hills Elementary,290,KG,5,Title I - Schoolwide
2018,Lynchburg City Public Schools,115,Dearington Elementary/Innovation ,70,KG,5,Title I - Schoolwide
2018,Lynchburg City Public Schools,115,Heritage Elementary,1102,PK,5,Title I - Schoolwide
2018,Lynchburg City Public Schools,115,Linkhorne Elementary,360,KG,5,Title I - Schoolwide
2018,Lynchburg City Public Schools,115,Paul Munro Elementary,330,PK,5,Title I - Schoolwide
2018,Lynchburg City Public Schools,115,Perrymont Elementary,270,KG,5,Title I - Schoolwide
2018,Lynchburg City Public Schools,115,Robert S. Payne Elementary,190,PK,5,Title I - Schoolwide
2018,Lynchburg City Public Schools,115,Sandusky Elementary,370,KG,5,Title I - Schoolwide
2018,Lynchburg City Public Schools,115,Sheffield Elementary,300,KG,5,Title I - Schoolwide
2018,Lynchburg City Public Schools,115,T.C. Miller Elementary for Innovation,90,KG,5,Title I - Schoolwide
2018,Lynchburg City Public Schools,115,William M. Bass Elementary,250,KG,5,Title I - Schoolwide
2018,Madison County Public Schools,56,Madison Primary,230,PK,2,Title I - Schoolwide
2018,Madison County Public Schools,56,Waverly Yowell Elementary,200,3,5,Title I - Schoolwide
2018,Manassas City Public Schools,143,Baldwin Elementary,470,PK,4,Title I - Schoolwide
2018,Manassas City Public Schools,143,George Carr Round Elementary,60,PK,4,Title I - Schoolwide
2018,Manassas City Public Schools,143,Jennie Dean Elementary,310,PK,4,Title I - Schoolwide
2018,Manassas City Public Schools,143,Richard C. Haydon Elementary,20,PK,4,Title I - Schoolwide
2018,Manassas City Public Schools,143,Weems Elementary,10,PK,4,Title I - Schoolwide
2018,Manassas Park City Public Schools,144,Cougar Elementary,522,PK,2,Title I - Schoolwide
2018,Manassas Park City Public Schools,144,Manassas Park Elementary,420,3,5,Title I - Schoolwide
2018,Martinsville City Public Schools,116,Albert Harris Elementary,222,KG,5,Title I - Schoolwide
2018,Martinsville City Public Schools,116,Martinsville Middle,10,6,8,Title I - Targeted Assistance
2018,Martinsville City Public Schools,116,Patrick Henry Elementary,223,KG,5,Title I - Schoolwide
2018,Mathews County Public Schools,57,Lee-Jackson Elementary,291,KG,4,Title I - Schoolwide
2018,Mecklenburg County Public Schools,58,Chase City Elementary,910,PK,5,Title I - Schoolwide
2018,Mecklenburg County Public Schools,58,Clarksville Elementary,1000,PK,5,Title I - Schoolwide
2018,Mecklenburg County Public Schools,58,LaCrosse Elementary ,1020,PK,5,Title I - Schoolwide
2018,Mecklenburg County Public Schools,58,South Hill Elementary,190,PK,5,Title I - Schoolwide
2018,Middlesex County Public Schools,59,Middlesex Elementary,291,PK,5,Title I - Targeted Assistance
2018,Montgomery County Public Schools,60,Auburn Elementary,902,PK,5,Title I - Schoolwide
2018,Montgomery County Public Schools,60,Belview Elementary,700,PK,5,Title I - Schoolwide
2018,Montgomery County Public Schools,60,Christiansburg Elementary,740,3,5,Title I - Schoolwide
2018,Montgomery County Public Schools,60,Christiansburg Primary,780,PK,2,Title I - Schoolwide
2018,Montgomery County Public Schools,60,Eastern Montgomery Elementary,30,PK,5,Title I - Schoolwide
2018,Montgomery County Public Schools,60,Falling Branch Elementary,600,PK,5,Title I - Schoolwide
2018,Montgomery County Public Schools,60,Prices Fork Elementary,210,PK,5,Title I - Schoolwide
2018,Nelson County Public Schools,62,Rockfish River Elementary,10,PK,5,Title I - Targeted Assistance
2018,Nelson County Public Schools,62,Tye River Elementary,20,PK,5,Title I - Targeted Assistance
2018,New Kent County Public Schools,63,George W. Watkins Elementary,180,PK,5,Title I - Schoolwide
2018,New Kent County Public Schools,63,New Kent Elementary ,10,PK,5,Title I - Schoolwide
2018,Newport News City Public Schools,117,Achievable Dream Academy,1404,PK,5,Title I - Schoolwide
2018,Newport News City Public Schools,117,Carver Elementary,1170,PK,5,Title I - Schoolwide
2018,Newport News City Public Schools,117,Denbigh Early Childhood Center,1402,PK,PK,Title I - Schoolwide
2018,Newport News City Public Schools,117,Discovery STEM Academy,130,KG,5,Title I - Schoolwide
2018,Newport News City Public Schools,117,George J. McIntosh Elementary ,70,PK,5,Title I - Schoolwide
2018,Newport News City Public Schools,117,Hidenwood Elementary,1210,PK,5,Title I - Schoolwide
2018,Newport News City Public Schools,117,Horace H. Epes Elementary,1240,PK,5,Title I - Schoolwide
2018,Newport News City Public Schools,117,John Marshall Early Childhood Center,1411,PK,KG,Title I - Schoolwide
2018,Newport News City Public Schools,117,Joseph H. Saunders Elementary,300,PK,5,Title I - Schoolwide
2018,Newport News City Public Schools,117,L.F. Palmer Elementary ,200,PK,5,Title I - Schoolwide
2018,Newport News City Public Schools,117,Lee Hall Early Childhood Center,1409,PK,PK,Title I - Schoolwide
2018,Newport News City Public Schools,117,Lee Hall Elementary,1180,PK,5,Title I - Schoolwide
2018,Newport News City Public Schools,117,Newsome Park Elementary,1120,PK,5,Title I - Schoolwide
2018,Newport News City Public Schools,117,Oliver C. Greenwood Elementary,150,PK,5,Title I - Schoolwide
2018,Newport News City Public Schools,117,Sedgefield Elementary,250,PK,5,Title I - Schoolwide
2018,Newport News City Public Schools,117,T. Ryland Sanford Elementary,290,PK,5,Title I - Schoolwide
2018,Newport News City Public Schools,117,Watkins Early Childhood Center,1410,PK,PK,Title I - Schoolwide
2018,Newport News City Public Schools,117,Willis A. Jenkins Elementary,320,PK,5,Title I - Schoolwide
2018,Norfolk City Public Schools,118,Bay View Elementary,250,PK,5,Title I - Schoolwide
2018,Norfolk City Public Schools,118,Booker T Washington High,880,9,12,Title I - Schoolwide
2018,Norfolk City Public Schools,118,Camp Allen Elementary,40,PK,5,Title I - Schoolwide
2018,Norfolk City Public Schools,118,Chesterfield Academy Elementary,220,PK,5,Title I - Schoolwide
2018,Norfolk City Public Schools,118,Coleman Place Elementary,550,PK,5,Title I - Schoolwide
2018,Norfolk City Public Schools,118,Crossroads Elementary,560,PK,8,Title I - Schoolwide
2018,Norfolk City Public Schools,118,Fairlawn Elementary,750,3,5,Title I - Schoolwide
2018,Norfolk City Public Schools,118,Granby Elementary,420,PK,5,Title I - Schoolwide
2018,Norfolk City Public Schools,118,Ingleside Elementary,610,PK,5,Title I - Schoolwide
2018,Norfolk City Public Schools,118,Jacox Elementary,430,PK,5,Title I - Schoolwide
2018,Norfolk City Public Schools,118,James Monroe Elementary,131,PK,5,Title I - Schoolwide
2018,Norfolk City Public Schools,118,Lake Taylor Middle,790,6,8,Title I - Schoolwide
2018,Norfolk City Public Schools,118,Larrymore Elementary,670,PK,5,Title I - Schoolwide
2018,Norfolk City Public Schools,118,Lindenwood Elementary,520,PK,5,Title I - Schoolwide
2018,Norfolk City Public Schools,118,Little Creek Elementary,682,PK,5,Title I - Schoolwide
2018,Norfolk City Public Schools,118,Mary Calcott Elementary School,460,PK,5,Title I - Schoolwide
2018,Norfolk City Public Schools,118,Northside Middle,490,6,8,Title I - Schoolwide
2018,Norfolk City Public Schools,118,Norview Elementary,620,PK,5,Title I - Schoolwide
2018,Norfolk City Public Schools,118,Norview Middle,570,6,8,Title I - Schoolwide
2018,Norfolk City Public Schools,118,Ocean View Elementary,190,KG,5,Title I - Schoolwide
2018,Norfolk City Public Schools,118,Oceanair Elementary,630,PK,5,Title I - Schoolwide
2018,Norfolk City Public Schools,118,"P.B. Young, Sr. Elementary ",530,PK,2,Title I - Schoolwide
2018,Norfolk City Public Schools,118,Poplar Halls Elementary,710,PK,2,Title I - Schoolwide
2018,Norfolk City Public Schools,118,Richard Bowling Elementary,480,PK,5,Title I - Schoolwide
2018,Norfolk City Public Schools,118,Sewells Point Elementary,850,PK,5,Title I - Schoolwide
2018,Norfolk City Public Schools,118,Sherwood Forest Elementary,650,PK,5,Title I - Schoolwide
2018,Norfolk City Public Schools,118,Southside STEM Academy at Campostella ,770,KG,7,Title I - Schoolwide
2018,Norfolk City Public Schools,118,St. Helena Elementary,820,PK,5,Title I - Schoolwide
2018,Norfolk City Public Schools,118,Suburban Park Elementary,500,PK,5,Title I - Schoolwide
2018,Norfolk City Public Schools,118,Tanners Creek Elementary,100,PK,5,Title I - Schoolwide
2018,Norfolk City Public Schools,118,Tarrallton Elementary,800,PK,5,Title I - Schoolwide
2018,Norfolk City Public Schools,118,Tidewater Park Elementary,780,3,5,Title I - Schoolwide
2018,Norfolk City Public Schools,118,Willard Model Elementary,471,PK,5,Title I - Schoolwide
2018,Norfolk City Public Schools,118,William H. Ruffner Middle,30,6,8,Title I - Schoolwide
2018,Northampton County Public Schools,65,Kiptopeke Elementary,452,PK,6,Title I - Schoolwide
2018,Northampton County Public Schools,65,Occohannock Elementary,451,PK,6,Title I - Schoolwide
2018,Northumberland County Public Schools,66,Northumberland Elementary,331,PK,5,Title I - Schoolwide
2018,Norton City Public Schools,119,Norton Elementary,40,PK,7,Title I - Targeted Assistance
2018,Nottoway County Public Schools,67,Blackstone Primary,340,PK,4,Title I - Schoolwide
2018,Nottoway County Public Schools,67,Crewe Primary,330,PK,4,Title I - Schoolwide
2018,Nottoway County Public Schools,67,Nottoway Intermediate,300,5,6,Title I - Schoolwide
2018,Nottoway County Public Schools,67,Nottoway Middle,302,7,8,Title I - Targeted Assistance
2018,Orange County Public Schools,68,Gordon-Barbour Elementary,360,KG,5,Title I - Schoolwide
2018,Orange County Public Schools,68,Lightfoot Elementary,70,3,5,Title I - Schoolwide
2018,Orange County Public Schools,68,Orange Elementary,370,KG,5,Title I - Schoolwide
2018,Orange County Public Schools,68,Unionville Elementary,350,KG,2,Title I - Schoolwide
2018,Page County Public Schools,69,Luray Elementary,350,PK,5,Title I - Schoolwide
2018,Page County Public Schools,69,Shenandoah Elementary,310,PK,5,Title I - Schoolwide
2018,Page County Public Schools,69,Springfield Elementary,50,PK,5,Title I - Schoolwide
2018,Page County Public Schools,69,Stanley Elementary,210,PK,5,Title I - Schoolwide
2018,Patrick County Public Schools,70,Blue Ridge Elementary,440,PK,7,Title I - Schoolwide
2018,Patrick County Public Schools,70,Hardin Reynolds Elementary,350,4,7,Title I - Schoolwide
2018,Patrick County Public Schools,70,Meadows of Dan Elementary ,150,KG,7,Title I - Schoolwide
2018,Patrick County Public Schools,70,Patrick Springs Elementary,680,PK,3,Title I - Schoolwide
2018,Patrick County Public Schools,70,Stuart Elementary,320,PK,7,Title I - Schoolwide
2018,Patrick County Public Schools,70,Woolwine Elementary,80,PK,7,Title I - Schoolwide
2018,Petersburg City Public Schools,120,Cool Spring Elementary,110,KG,5,Title I - Schoolwide
2018,Petersburg City Public Schools,120,Lakemont Elementary,170,KG,5,Title I - Schoolwide
2018,Petersburg City Public Schools,120,Pleasants Lane Elementary,180,KG,5,Title I - Schoolwide
2018,Petersburg City Public Schools,120,Vernon Johns Middle,121,6,8,Title I - Schoolwide
2018,Petersburg City Public Schools,120,Walnut Hill Elementary,130,KG,5,Title I - Schoolwide
2018,Pittsylvania County Public Schools,71,Brosville Elementary ,1853,PK,5,Title I - Schoolwide
2018,Pittsylvania County Public Schools,71,Chatham Elementary,640,PK,5,Title I - Schoolwide
2018,Pittsylvania County Public Schools,71,Chatham Middle,1660,6,8,Title I - Schoolwide
2018,Pittsylvania County Public Schools,71,Dan River Middle,1090,6,8,Title I - Schoolwide
2018,Pittsylvania County Public Schools,71,Gretna Elementary,280,PK,5,Title I - Schoolwide
2018,Pittsylvania County Public Schools,71,Gretna Middle,290,6,8,Title I - Schoolwide
2018,Pittsylvania County Public Schools,71,John L. Hurt Elementary,30,PK,5,Title I - Schoolwide
2018,Pittsylvania County Public Schools,71,Kentuck Elementary,1690,PK,5,Title I - Schoolwide
2018,Pittsylvania County Public Schools,71,Mount Airy Elementary,1750,PK,5,Title I - Schoolwide
2018,Pittsylvania County Public Schools,71,Southside Elementary,1460,PK,5,Title I - Schoolwide
2018,Pittsylvania County Public Schools,71,Stony Mill Elementary,1710,PK,5,Title I - Schoolwide
2018,Pittsylvania County Public Schools,71,Union Hall Elementary,1740,PK,5,Title I - Schoolwide
2018,Poquoson City Public Schools,142,Poquoson Elementary,150,3,5,Title I - Targeted Assistance
2018,Portsmouth City Public Schools,121,Brighton Elementary ,1766,KG,6,Title I - Schoolwide
2018,Portsmouth City Public Schools,121,Churchland Academy Elementary,321,KG,6,Title I - Schoolwide
2018,Portsmouth City Public Schools,121,Churchland Primary & Intermediate,160,KG,6,Title I - Schoolwide
2018,Portsmouth City Public Schools,121,Douglass Park Elementary,190,KG,6,Title I - Schoolwide
2018,Portsmouth City Public Schools,121,Hodges Manor Elementary,1630,KG,6,Title I - Schoolwide
2018,Portsmouth City Public Schools,121,James Hurst Elementary,1400,KG,6,Title I - Schoolwide
2018,Portsmouth City Public Schools,121,John Tyler Elementary,230,KG,6,Title I - Schoolwide
2018,Portsmouth City Public Schools,121,Lakeview Elementary,1650,KG,6,Title I - Schoolwide
2018,Portsmouth City Public Schools,121,Park View Elementary,60,KG,6,Title I - Schoolwide
2018,Portsmouth City Public Schools,121,Simonsdale Elementary,290,KG,6,Title I - Schoolwide
2018,Portsmouth City Public Schools,121,Victory Elementary,1769,KG,6,Title I - Schoolwide
2018,Portsmouth City Public Schools,121,Westhaven Elementary,210,KG,6,Title I - Schoolwide
2018,Powhatan County Public Schools,72,Flat Rock Elementary,21,PK,5,Title I - Targeted Assistance
2018,Powhatan County Public Schools,72,Pocahontas Elementary,231,KG,5,Title I - Targeted Assistance
2018,Powhatan County Public Schools,72,Powhatan Elementary,13,KG,5,Title I - Targeted Assistance
2018,Prince Edward County Public Schools,73,Prince Edward Elementary,10,PK,4,Title I - Schoolwide
2018,Prince Edward County Public Schools,73,Prince Edward Middle,20,5,8,Title I - Schoolwide
2018,Prince George County Public Schools,74,David A. Harrison Elementary,340,PK,5,Title I - Targeted Assistance
2018,Prince George County Public Schools,74,L.L. Beazley Elementary,310,PK,5,Title I - Targeted Assistance
2018,Prince George County Public Schools,74,North Elementary,290,PK,5,Title I - Targeted Assistance
2018,Prince George County Public Schools,74,South Elementary,300,PK,5,Title I - Targeted Assistance
2018,Prince George County Public Schools,74,William A. Walton Elementary,280,PK,5,Title I - Targeted Assistance
2018,Prince William County Public Schools,75,Bel Air Elementary,670,PK,5,Title I - Schoolwide
2018,Prince William County Public Schools,75,Belmont Elementary,600,PK,5,Title I - Schoolwide
2018,Prince William County Public Schools,75,C.A. Sinclair Elementary,620,PK,5,Title I - Schoolwide
2018,Prince William County Public Schools,75,Dale City Elementary,610,PK,5,Title I - Schoolwide
2018,Prince William County Public Schools,75,Dumfries Elementary,280,PK,5,Title I - Schoolwide
2018,Prince William County Public Schools,75,Elizabeth Vaughan Elementary,580,PK,5,Title I - Schoolwide
2018,Prince William County Public Schools,75,Enterprise Elementary,120,PK,5,Title I - Schoolwide
2018,Prince William County Public Schools,75,Fannie W. Fitzgerald Elementary,370,PK,5,Title I - Schoolwide
2018,Prince William County Public Schools,75,Featherstone Elementary,450,PK,5,Title I - Schoolwide
2018,Prince William County Public Schools,75,Fred M. Lynn Middle,520,6,8,Title I - Schoolwide
2018,Prince William County Public Schools,75,George M. Hampton Middle,640,6,8,Title I - Schoolwide
2018,Prince William County Public Schools,75,George P. Mullen Elementary,770,PK,5,Title I - Schoolwide
2018,Prince William County Public Schools,75,Kerrydale Elementary,70,PK,5,Title I - Schoolwide
2018,Prince William County Public Schools,75,Loch Lomond Elementary,460,PK,5,Title I - Schoolwide
2018,Prince William County Public Schools,75,Marumsco Hills Elementary,570,PK,5,Title I - Schoolwide
2018,Prince William County Public Schools,75,Minnieville Elementary,30,PK,5,Title I - Schoolwide
2018,Prince William County Public Schools,75,Neabsco Elementary,700,PK,5,Title I - Schoolwide
2018,Prince William County Public Schools,75,Occoquan Elementary,260,PK,5,Title I - Schoolwide
2018,Prince William County Public Schools,75,Potomac View Elementary,550,PK,5,Title I - Schoolwide
2018,Prince William County Public Schools,75,R. Dean Kilby Elementary,440,PK,5,Title I - Schoolwide
2018,Prince William County Public Schools,75,River Oaks Elementary,750,PK,5,Title I - Targeted Assistance
2018,Prince William County Public Schools,75,Sharon C. McAuliffe Elementary,730,PK,5,Title I - Schoolwide
2018,Prince William County Public Schools,75,Stonewall Middle,480,6,8,Title I - Schoolwide
2018,Prince William County Public Schools,75,Sudley Elementary,20,PK,5,Title I - Schoolwide
2018,Prince William County Public Schools,75,Suella G. Ellis Elementary,270,PK,5,Title I - Schoolwide
2018,Prince William County Public Schools,75,Swans Creek Elementary,890,PK,5,Title I - Schoolwide
2018,Prince William County Public Schools,75,Triangle Elementary,430,PK,5,Title I - Schoolwide
2018,Prince William County Public Schools,75,West Gate Elementary,540,PK,5,Title I - Schoolwide
2018,Prince William County Public Schools,75,Yorkshire Elementary,350,PK,5,Title I - Schoolwide
2018,Pulaski County Public Schools,77,Critzer Elementary,20,PK,5,Title I - Schoolwide
2018,Pulaski County Public Schools,77,Dublin Elementary,540,PK,5,Title I - Schoolwide
2018,Pulaski County Public Schools,77,Pulaski Elementary ,230,PK,5,Title I - Schoolwide
2018,Pulaski County Public Schools,77,Riverlawn Elementary,500,PK,5,Title I - Schoolwide
2018,Radford City Public Schools,122,Belle Heth Elementary,10,3,6,Title I - Targeted Assistance
2018,Radford City Public Schools,122,McHarg Elementary,20,PK,2,Title I - Targeted Assistance
2018,Rappahannock County Public Schools,78,Rappahannock County Elementary,240,PK,7,Title I - Targeted Assistance
2018,Richmond City Public Schools,123,Albert Hill Middle,30,6,8,Title I - Schoolwide
2018,Richmond City Public Schools,123,Amelia Street Special Education,750,PK,12,Title I - Schoolwide
2018,Richmond City Public Schools,123,Armstrong High ,850,9,12,Title I - Schoolwide
2018,Richmond City Public Schools,123,Barack Obama Elementary,390,PK,5,Title I - Schoolwide
2018,Richmond City Public Schools,123,Bellevue Elementary,100,PK,5,Title I - Schoolwide
2018,Richmond City Public Schools,123,Binford Middle,50,6,8,Title I - Schoolwide
2018,Richmond City Public Schools,123,Blackwell Elementary,170,PK,5,Title I - Schoolwide
2018,Richmond City Public Schools,123,Broad Rock Elementary,1100,PK,5,Title I - Schoolwide
2018,Richmond City Public Schools,123,Chimborazo Elementary,830,PK,5,Title I - Schoolwide
2018,Richmond City Public Schools,123,E.S.H. Greene Elementary,1440,PK,5,Title I - Schoolwide
2018,Richmond City Public Schools,123,Elizabeth D. Redd Elementary,1400,PK,5,Title I - Schoolwide
2018,Richmond City Public Schools,123,Elkhardt Thompson Middle,1631,6,8,Title I - Schoolwide
2018,Richmond City Public Schools,123,Fairfield Court Elementary,710,PK,5,Title I - Schoolwide
2018,Richmond City Public Schools,123,Franklin Military Academy,621,6,12,Title I - Schoolwide
2018,Richmond City Public Schools,123,G.H. Reid Elementary,1470,PK,5,Title I - Schoolwide
2018,Richmond City Public Schools,123,George Mason Elementary,290,PK,5,Title I - Schoolwide
2018,Richmond City Public Schools,123,George W. Carver Elementary,311,PK,5,Title I - Schoolwide
2018,Richmond City Public Schools,123,George Wythe High,741,9,12,Title I - Schoolwide
2018,Richmond City Public Schools,123,Ginter Park Elementary,230,PK,5,Title I - Schoolwide
2018,Richmond City Public Schools,123,Henderson Middle,470,6,8,Title I - Schoolwide
2018,Richmond City Public Schools,123,J.B. Fisher Elementary,1640,PK,5,Title I - Schoolwide
2018,Richmond City Public Schools,123,J.L. Francis Elementary,1710,PK,5,Title I - Schoolwide
2018,Richmond City Public Schools,123,John B. Cary Elementary,600,PK,5,Title I - Schoolwide
2018,Richmond City Public Schools,123,John Marshall High,730,9,12,Title I - Schoolwide
2018,Richmond City Public Schools,123,Lucille M. Brown Middle,3105,6,8,Title I - Schoolwide
2018,Richmond City Public Schools,123,Martin Luther King Jr. Middle ,770,6,8,Title I - Schoolwide
2018,Richmond City Public Schools,123,Miles Jones Elementary,3107,PK,5,Title I - Schoolwide
2018,Richmond City Public Schools,123,Oak Grove/Bellemeade Elementary,330,PK,5,Title I - Schoolwide
2018,Richmond City Public Schools,123,Overby-Sheppard Elementary,130,PK,5,Title I - Schoolwide
2018,Richmond City Public Schools,123,Richmond Alternative School,3110,6,12,Title I - Schoolwide
2018,Richmond City Public Schools,123,Richmond Career Education and Employment (Charter School),3200,9,12,Title I - Schoolwide
2018,Richmond City Public Schools,123,Southampton Elementary,1480,PK,5,Title I - Schoolwide
2018,Richmond City Public Schools,123,Swansboro Elementary,210,PK,5,Title I - Schoolwide
2018,Richmond City Public Schools,123,Thomas C. Boushall Middle,480,6,8,Title I - Schoolwide
2018,Richmond City Public Schools,123,Westover Hills Elementary,660,PK,5,Title I - Schoolwide
2018,Richmond City Public Schools,123,Woodville Elementary,650,PK,5,Title I - Schoolwide
2018,Richmond County Public Schools,79,Richmond County Elementary,20,KG,7,Title I - Schoolwide
2018,Roanoke City Public Schools,124,Addison Aerospace Magnet Middle,280,6,8,Title I - Schoolwide
2018,Roanoke City Public Schools,124,Breckinridge Middle,210,6,8,Title I - Schoolwide
2018,Roanoke City Public Schools,124,Fairview Elementary,410,PK,5,Title I - Schoolwide
2018,Roanoke City Public Schools,124,Fallon Park Elementary,50,PK,5,Title I - Schoolwide
2018,Roanoke City Public Schools,124,Fishburn Park Elementary,380,PK,5,Title I - Schoolwide
2018,Roanoke City Public Schools,124,Garden City Elementary,300,PK,5,Title I - Schoolwide
2018,Roanoke City Public Schools,124,Highland Park Elementary,110,PK,5,Title I - Schoolwide
2018,Roanoke City Public Schools,124,Hurt Park Elementary,420,PK,5,Title I - Schoolwide
2018,Roanoke City Public Schools,124,John P. Fishwick Middle,230,6,8,Title I - Schoolwide
2018,Roanoke City Public Schools,124,Lincoln Terrace Elementary,340,PK,5,Title I - Schoolwide
2018,Roanoke City Public Schools,124,Monterey Elementary,370,KG,5,Title I - Schoolwide
2018,Roanoke City Public Schools,124,Morningside Elementary,60,PK,5,Title I - Schoolwide
2018,Roanoke City Public Schools,124,Preston Park Elementary,240,PK,5,Title I - Schoolwide
2018,Roanoke City Public Schools,124,Roanoke Academy For Mathematics & Science Elementary,220,PK,5,Title I - Schoolwide
2018,Roanoke City Public Schools,124,Round Hill Elementary,320,PK,5,Title I - Schoolwide
2018,Roanoke City Public Schools,124,Virginia Heights Elementary,70,PK,5,Title I - Schoolwide
2018,Roanoke City Public Schools,124,Wasena Elementary,90,PK,5,Title I - Targeted Assistance
2018,Roanoke City Public Schools,124,Westside Elementary,350,PK,5,Title I - Schoolwide
2018,Roanoke City Public Schools,124,William Fleming High,400,9,12,Title I - Schoolwide
2018,Roanoke County Public Schools,80,Burlington Elementary,180,PK,5,Title I - Schoolwide
2018,Roanoke County Public Schools,80,Herman L. Horn Elementary,540,PK,5,Title I - Schoolwide
2018,Roanoke County Public Schools,80,Mason's Cove Elementary,530,PK,5,Title I - Schoolwide
2018,Roanoke County Public Schools,80,Mount Pleasant Elementary,290,PK,5,Title I - Schoolwide
2018,Roanoke County Public Schools,80,W.E. Cundiff Elementary,60,PK,5,Title I - Schoolwide
2018,Rockbridge County Public Schools,81,Central Elementary,650,PK,5,Title I - Schoolwide
2018,Rockbridge County Public Schools,81,Fairfield Elementary,150,PK,5,Title I - Schoolwide
2018,Rockbridge County Public Schools,81,Mountain View Elementary,340,KG,5,Title I - Schoolwide
2018,Rockbridge County Public Schools,81,Natural Bridge Elementary,641,PK,5,Title I - Schoolwide
2018,Rockingham County Public Schools,82,Cub Run Elementary,861,PK,5,Title I - Schoolwide
2018,Rockingham County Public Schools,82,Elkton Elementary,400,PK,5,Title I - Schoolwide
2018,Rockingham County Public Schools,82,Fulks Run Elementary,940,PK,5,Title I - Schoolwide
2018,Rockingham County Public Schools,82,John C. Myers Elementary,1071,PK,5,Title I - Schoolwide
2018,Rockingham County Public Schools,82,Lacey Spring Elementary,500,PK,5,Title I - Schoolwide
2018,Rockingham County Public Schools,82,Mountain View Elementary,520,PK,5,Title I - Schoolwide
2018,Rockingham County Public Schools,82,Ottobine Elementary,920,PK,5,Title I - Schoolwide
2018,Rockingham County Public Schools,82,Plains Elementary,10,PK,5,Title I - Schoolwide
2018,Rockingham County Public Schools,82,Pleasant Valley Elementary,950,PK,5,Title I - Schoolwide
2018,Rockingham County Public Schools,82,River Bend Elementary,390,PK,5,Title I - Schoolwide
2018,Rockingham County Public Schools,82,South River Elementary,830,PK,5,Title I - Schoolwide
2018,Russell County Public Schools,83,Belfast Elk Garden Elementary,580,KG,5,Title I - Schoolwide
2018,Russell County Public Schools,83,Castlewood Elementary,792,1,7,Title I - Schoolwide
2018,Russell County Public Schools,83,Copper Creek Elementary,820,PK,KG,Title I - Targeted Assistance
2018,Russell County Public Schools,83,Honaker Elementary,890,PK,7,Title I - Schoolwide
2018,Russell County Public Schools,83,Lebanon Elementary,410,2,4,Title I - Schoolwide
2018,Russell County Public Schools,83,Lebanon Middle,902,5,7,Title I - Targeted Assistance
2018,Russell County Public Schools,83,Lebanon Primary,390,PK,1,Title I - Schoolwide
2018,Russell County Public Schools,83,Swords Creek Elementary,710,PK,7,Title I - Schoolwide
2018,Salem City Public Schools,139,East Salem Elementary,550,PK,5,Title I - Schoolwide
2018,Salem City Public Schools,139,G.W. Carver Elementary,90,PK,5,Title I - Schoolwide
2018,Scott County Public Schools,84,Duffield-Pattonsville Primary,750,KG,4,Title I - Schoolwide
2018,Scott County Public Schools,84,Dungannon Intermediate,42,4,7,Title I - Schoolwide
2018,Scott County Public Schools,84,Fort Blackmore Primary,102,KG,3,Title I - Schoolwide
2018,Scott County Public Schools,84,Hilton Elementary,670,KG,6,Title I - Schoolwide
2018,Scott County Public Schools,84,Nickelsville Elementary,220,KG,7,Title I - Schoolwide
2018,Scott County Public Schools,84,Rye Cove Intermediate,20,5,7,Title I - Schoolwide
2018,Scott County Public Schools,84,Shoemaker Elementary,641,KG,6,Title I - Schoolwide
2018,Scott County Public Schools,84,Weber City Elementary,740,KG,6,Title I - Targeted Assistance
2018,Scott County Public Schools,84,Yuma Elementary,790,KG,6,Title I - Schoolwide
2018,Shenandoah County Public Schools,85,Ashby Lee Elementary,820,PK,4,Title I - Schoolwide
2018,Shenandoah County Public Schools,85,Sandy Hook Elementary,810,PK,5,Title I - Schoolwide
2018,Shenandoah County Public Schools,85,W.W. Robinson Elementary,20,PK,5,Title I - Schoolwide
2018,Smyth County Public Schools,86,Atkins Elementary,290,PK,5,Title I - Schoolwide
2018,Smyth County Public Schools,86,Chilhowie Elementary,730,PK,5,Title I - Schoolwide
2018,Smyth County Public Schools,86,Marion Elementary,710,PK,5,Title I - Schoolwide
2018,Smyth County Public Schools,86,Oak Point Elementary,690,PK,5,Title I - Schoolwide
2018,Smyth County Public Schools,86,Rich Valley Elementary,720,PK,5,Title I - Schoolwide
2018,Smyth County Public Schools,86,Saltville Elementary,740,PK,5,Title I - Schoolwide
2018,Smyth County Public Schools,86,Sugar Grove Elementary,555,PK,5,Title I - Schoolwide
2018,Southampton County Public Schools,87,Capron Elementary,710,PK,5,Title I - Schoolwide
2018,Southampton County Public Schools,87,Meherrin Elementary,20,PK,5,Title I - Schoolwide
2018,Southampton County Public Schools,87,Nottoway Elementary,10,PK,5,Title I - Schoolwide
2018,Spotsylvania County Public Schools,88,Battlefield Elementary,10,PK,5,Title I - Targeted Assistance
2018,Spotsylvania County Public Schools,88,Berkeley Elementary,340,PK,5,Title I - Schoolwide
2018,Spotsylvania County Public Schools,88,Cedar Forest Elementary,511,PK,5,Title I - Schoolwide
2018,Spotsylvania County Public Schools,88,Harrison Road Elementary,507,PK,5,Title I - Schoolwide
2018,Spotsylvania County Public Schools,88,Lee Hill Elementary,30,PK,5,Title I - Targeted Assistance
2018,Spotsylvania County Public Schools,88,Livingston Elementary,350,PK,5,Title I - Schoolwide
2018,Spotsylvania County Public Schools,88,Riverview Elementary,503,PK,5,Title I - Schoolwide
2018,Spotsylvania County Public Schools,88,Salem Elementary,60,PK,5,Title I - Schoolwide
2018,Spotsylvania County Public Schools,88,Spotswood Elementary,360,PK,5,Title I - Schoolwide
2018,Stafford County Public Schools,89,Anthony Burns Elementary,433,KG,5,Title I - Targeted Assistance
2018,Stafford County Public Schools,89,Falmouth Elementary,280,PK,5,Title I - Targeted Assistance
2018,Stafford County Public Schools,89,Hampton Oaks Elementary,320,PK,5,Title I - Targeted Assistance
2018,Stafford County Public Schools,89,Hartwood Elementary,250,PK,5,Title I - Targeted Assistance
2018,Stafford County Public Schools,89,Kate Waller Barrett Elementary,427,PK,5,Title I - Targeted Assistance
2018,Stafford County Public Schools,89,Rocky Run Elementary,425,PK,5,Title I - Targeted Assistance
2018,Stafford County Public Schools,89,Widewater Elementary,50,PK,5,Title I - Targeted Assistance
2018,Staunton City Public Schools,126,Arthur R. Ware Elementary,40,KG,5,Title I - Schoolwide
2018,Staunton City Public Schools,126,Bessie Weller Elementary,70,KG,5,Title I - Schoolwide
2018,Staunton City Public Schools,126,Thomas C. McSwain Elementary,90,KG,5,Title I - Schoolwide
2018,Suffolk City Public Schools,127,Booker T. Washington Elementary,50,PK,5,Title I - Schoolwide
2018,Suffolk City Public Schools,127,Creekside Elementary,440,PK,5,Title I - Schoolwide
2018,Suffolk City Public Schools,127,Elephant's Fork Elementary,210,PK,5,Title I - Schoolwide
2018,Suffolk City Public Schools,127,Hillpoint Elementary,450,PK,5,Title I - Schoolwide
2018,Suffolk City Public Schools,127,Kilby Shores Elementary,230,PK,5,Title I - Schoolwide
2018,Suffolk City Public Schools,127,Mack Benn Jr. Elementary,330,PK,5,Title I - Schoolwide
2018,Suffolk City Public Schools,127,Nansemond Parkway Elementary,220,PK,5,Title I - Schoolwide
2018,Suffolk City Public Schools,127,Oakland Elementary,70,PK,5,Title I - Schoolwide
2018,Suffolk City Public Schools,127,Pioneer Elementary,47,PK,5,Title I - Schoolwide
2018,Surry County Public Schools,90,Luther P. Jackson Middle,30,5,8,Title I - Targeted Assistance
2018,Surry County Public Schools,90,Surry Elementary,20,PK,4,Title I - Targeted Assistance
2018,Sussex County Public Schools,91,Sussex Central Elementary,483,PK,5,Title I - Schoolwide
2018,Sussex County Public Schools,91,Sussex Central Middle,482,6,8,Title I - Schoolwide
2018,Tazewell County Public Schools,92,Abb's Valley-Boissevain Elementary,1020,PK,5,Title I - Schoolwide
2018,Tazewell County Public Schools,92,Cedar Bluff Elementary,830,PK,5,Title I - Schoolwide
2018,Tazewell County Public Schools,92,Dudley Primary,750,PK,2,Title I - Schoolwide
2018,Tazewell County Public Schools,92,Graham Intermediate,960,3,5,Title I - Schoolwide
2018,Tazewell County Public Schools,92,North Tazewell Elementary,450,PK,5,Title I - Schoolwide
2018,Tazewell County Public Schools,92,Richlands Elementary,822,PK,5,Title I - Schoolwide
2018,Tazewell County Public Schools,92,Tazewell Elementary,1030,PK,5,Title I - Schoolwide
2018,Virginia Beach City Public Schools,128,Bayside 6th Grade Campus,115,6,6,Title I - Schoolwide
2018,Virginia Beach City Public Schools,128,Bayside Middle,700,6,8,Title I - Schoolwide
2018,Virginia Beach City Public Schools,128,Birdneck Elementary,60,PK,5,Title I - Schoolwide
2018,Virginia Beach City Public Schools,128,Brookwood Elementary,630,PK,5,Title I - Schoolwide
2018,Virginia Beach City Public Schools,128,College Park Elementary,720,PK,5,Title I - Schoolwide
2018,Virginia Beach City Public Schools,128,Diamond Springs Elementary,106,PK,1,Title I - Schoolwide
2018,Virginia Beach City Public Schools,128,Green Run Elementary,770,PK,5,Title I - Schoolwide
2018,Virginia Beach City Public Schools,128,Holland Elementary,600,PK,5,Title I - Schoolwide
2018,Virginia Beach City Public Schools,128,Lynnhaven Elementary,520,PK,5,Title I - Schoolwide
2018,Virginia Beach City Public Schools,128,Newtown Elementary,710,2,3,Title I - Schoolwide
2018,Virginia Beach City Public Schools,128,Parkway Elementary,820,PK,5,Title I - Schoolwide
2018,Virginia Beach City Public Schools,128,Point O' View Elementary,680,PK,5,Title I - Schoolwide
2018,Virginia Beach City Public Schools,128,Rosemont Elementary,810,PK,5,Title I - Schoolwide
2018,Virginia Beach City Public Schools,128,Seatack Elementary an Achievable Dream Academy,290,KG,5,Title I - Schoolwide
2018,Virginia Beach City Public Schools,128,Williams Elementary,470,PK,5,Title I - Schoolwide
2018,Warren County Public Schools,93,A.S. Rhodes Elementary,90,KG,5,Title I - Schoolwide
2018,Warren County Public Schools,93,E. Wilson Morrison Elementary,140,KG,5,Title I - Schoolwide
2018,Warren County Public Schools,93,Hilda J. Barbour Elementary,371,KG,5,Title I - Schoolwide
2018,Warren County Public Schools,93,Leslie Fox Keyser Elementary,20,KG,5,Title I - Schoolwide
2018,Warren County Public Schools,93,Ressie Jeffries Elementary,240,KG,5,Title I - Schoolwide
2018,Washington County Public Schools,94,Abingdon Elementary,1080,PK,5,Title I - Targeted Assistance
2018,Washington County Public Schools,94,Greendale Elementary,260,PK,5,Title I - Targeted Assistance
2018,Washington County Public Schools,94,High Point Elementary,1070,PK,5,Title I - Targeted Assistance
2018,Washington County Public Schools,94,Meadowview Elementary,20,PK,5,Title I - Targeted Assistance
2018,Washington County Public Schools,94,Rhea Valley Elementary,50,PK,5,Title I - Schoolwide
2018,Washington County Public Schools,94,Valley Institute Elementary,1020,PK,5,Title I - Schoolwide
2018,Washington County Public Schools,94,Watauga Elementary,70,PK,5,Title I - Targeted Assistance
2018,Waynesboro City Public Schools,130,Wenonah Elementary,580,KG,5,Title I - Schoolwide
2018,Waynesboro City Public Schools,130,William Perry Elementary,751,KG,5,Title I - Schoolwide
2018,West Point Public Schools,207,West Point Elementary,280,PK,5,Title I - Targeted Assistance
2018,Westmoreland County Public Schools,95,Cople Elementary,210,PK,5,Title I - Schoolwide
2018,Westmoreland County Public Schools,95,Washington District Elementary,310,PK,5,Title I - Schoolwide
2018,Williamsburg-James City County Public Schools,131,Clara Byrd Baker Elementary,40,PK,5,Title I - Targeted Assistance
2018,Williamsburg-James City County Public Schools,131,D.J. Montague Elementary,80,KG,5,Title I - Targeted Assistance
2018,Williamsburg-James City County Public Schools,131,J. Blaine Blayton Elementary,190,PK,5,Title I - Targeted Assistance
2018,Williamsburg-James City County Public Schools,131,James River Elementary,201,KG,5,Title I - Schoolwide
2018,Williamsburg-James City County Public Schools,131,Laurel Lane Elementary,50,PK,5,Title I - Targeted Assistance
2018,Williamsburg-James City County Public Schools,131,Matthew Whaley Elementary,10,KG,5,Title I - Targeted Assistance
2018,Williamsburg-James City County Public Schools,131,Norge Elementary,70,PK,5,Title I - Targeted Assistance
2018,Winchester City Public Schools,132,Frederick Douglass Elementary,80,PK,4,Title I - Schoolwide
2018,Winchester City Public Schools,132,Garland R. Quarles Elementary,50,PK,4,Title I - Schoolwide
2018,Winchester City Public Schools,132,John Kerr Elementary,90,PK,4,Title I - Schoolwide
2018,Winchester City Public Schools,132,Virginia Avenue Charlotte Dehart Elementary ,20,PK,4,Title I - Schoolwide
2018,Wise County Public Schools,96,Coeburn Primary,653,PK,4,Title I - Schoolwide
2018,Wise County Public Schools,96,J.W. Adams Combined,73,PK,8,Title I - Targeted Assistance
2018,Wise County Public Schools,96,St. Paul Elementary,871,PK,8,Title I - Targeted Assistance
2018,Wise County Public Schools,96,Union Primary School,1012,PK,4,Title I - Schoolwide
2018,Wise County Public Schools,96,Wise Primary,1020,PK,4,Title I - Schoolwide
2018,Wythe County Public Schools,97,Jackson Memorial Elementary,730,PK,5,Title I - Schoolwide
2018,Wythe County Public Schools,97,Max Meadows Elementary,100,PK,5,Title I - Schoolwide
2018,Wythe County Public Schools,97,Rural Retreat Elementary,201,PK,5,Title I - Schoolwide
2018,Wythe County Public Schools,97,Sheffey Elementary,740,PK,5,Title I - Schoolwide
2018,Wythe County Public Schools,97,Speedwell Elementary,440,PK,5,Title I - Schoolwide
2018,Wythe County Public Schools,97,Spiller Elementary,190,PK,5,Title I - Schoolwide
2018,York County Public Schools,98,Bethel Manor Elementary,180,KG,5,Title I - Targeted Assistance
2018,York County Public Schools,98,Magruder Elementary,10,KG,5,Title I - Targeted Assistance
2018,York County Public Schools,98,Yorktown Elementary,210,KG,5,Title I - Schoolwide
